id,intent,question,answer
1,waitlist_launch,How do I join the Accesco Living waitlist?,"You can join the waitlist directly from the Accesco Living homepage by entering your details in the ""Get Early Access"" section — it takes less than a minute and secures your spot ahead of launch."
2,waitlist_launch,What do I get for joining the waitlist early?,"Early waitlist members get priority access to the app at launch, along with exclusive launch-day perks and offers across Grokly, Swadisht, and Instastyle."
3,waitlist_launch,"Is Accesco Living live yet, or is it launching soon?","Accesco Living is currently in its pre-launch phase, with the app ""Launching Soon."" Waitlist members will be notified first as soon as the app goes live in their city."
4,waitlist_launch,Is my information safe when I join the waitlist?,Yes. Accesco Living's waitlist sign-up is secure and spam-free — your details are only used to notify you about early access and launch updates.
5,waitlist_launch,Which cities will Accesco Living launch in first?,"Accesco Living is launching first in Bengaluru, Karnataka, with expansion to other Tier 1 and Tier 2 Indian cities planned as part of its growth roadmap."
6,about_brand,How do I download the Accesco Living app?,The Accesco Living app will be available on both Google Play and the App Store at launch. Waitlist members will get a direct download notification first.
7,account_features,Do I need to create an account to browse Accesco Living?,"You'll need to log in or create an account to access personalised features like Xpense Meter, saved carts, and order tracking once the app is live."
8,waitlist_launch,Who can I contact if I have questions about the waitlist or referral program?,"You can reach Accesco Living's support team at support@accescoliving.com, or through the Help & Support page on the website."
9,referral_rewards,Where do I find my referral link?,"Your referral link is available on the ""Refer & Earn"" page once you've joined the waitlist — you can share it directly via WhatsApp, social media, or email."
10,about_brand,Is there a limit to how many people I can refer?,"No. You can refer as many friends and family members as you like, and rewards scale with the number of successful referrals. Source 2: FAQ Content & Schema Markup (Grokly / Circular Commerce)"
11,comparison,"How is Accesco Living different from Zepto, Swiggy, or Myntra?","Those apps solved speed in a single category. Accesco Living solves the whole household — grocery, food, and fashion under one login, with a built-in spend tracker (Xpense Meter) that none of the single-category apps offer."
12,circular_recycle,What does “circular commerce” mean?,"It means every part of the platform feeds back into the household instead of ending at delivery — shared wallet, shared cart logic across verticals, and sourcing built to reduce waste and middlemen, not just move products fast."
13,waitlist_launch,Is Accesco Living live yet?,Accesco Living is in pre-launch. You can join the waitlist now for early access and launch perks when it goes live in Bengaluru.
14,waitlist_launch,Which city is Accesco Living launching in first?,"Bengaluru, Karnataka."
15,grokly_grocery,What is Grokly?,"Grokly is Accesco Living's grocery vertical — fresh produce and everyday essentials delivered in as fast as 11 minutes, sourced directly from Karnataka farms."
16,grokly_grocery,What makes Grokly's sourcing different?,"Grokly sources straight from farms with live QR traceability, so you can see where your produce actually came from, and cuts out middlemen to keep pricing transparent."
17,grokly_grocery,How fast is Grokly delivery?,"As fast as 11 minutes for essentials, depending on your location within the delivery zone."
18,waitlist_launch,Why should I join the waitlist?,"Waitlist members get early access to the app and exclusive launch benefits when Accesco Living goes live in Bengaluru — plus you're part of the first 12,000+ people shaping the platform."
19,waitlist_launch,Is joining the waitlist free?,"Yes, and it's spam-free — you'll only hear from Accesco Living about early access and launch updates."
20,waitlist_launch,When will Accesco Living launch?,Accesco Living is launching soon in Bengaluru; exact dates will go out to waitlist members first. Source 3: FAQ & Schema Documentation (Set A)
21,about_brand,Can I explore different product categories on Accesco Living?,Yes. Users can discover a wide range of categories designed to meet various everyday lifestyle needs.
22,about_brand,How does Accesco Living help users make better choices?,The platform combines convenience with smart tools and personalized experiences to support informed decisions.
23,delivery_order,Is Accesco Living suitable for people with busy schedules?,"Yes. The platform is built to simplify everyday tasks, making it easier to manage shopping and lifestyle needs efficiently."
24,about_brand,What kind of experience does Accesco Living aim to provide?,"Accesco Living strives to deliver a fast, reliable, and user-friendly experience that makes everyday living more convenient."
25,about_brand,What is Accesco Living's long-term goal?,"The goal is to create an intelligent lifestyle ecosystem that brings together commerce, convenience, and technology to improve everyday life. Source 4: FAQ Content & Schema Markup — Grocery Savings & App Fatigue"
26,grokly_grocery,Does farm-direct grocery shopping actually save money?,"Yes, generally. Cutting out one or two layers of distribution typically brings meaningful savings, often in the 20-30% range, compared to multi-layered supply chains."
27,grokly_grocery,Is quick commerce more expensive than regular grocery shopping?,"Usually, yes, you're paying for speed. It's not wrong to use it, but it's worth knowing you're paying a premium for convenience, not just for the product."
28,about_brand,Why do I feel overwhelmed managing multiple daily-use apps?,"Because each app requires separate decisions, logins, and attention. This adds up to real decision fatigue, even when each individual task feels small."
29,about_brand,What is a unified commerce platform?,"It's a single ecosystem that combines everyday needs, like groceries, food, fashion, and spend tracking, into one experience instead of requiring a separate app for each category."
30,about_brand,Does using fewer apps actually save time?,"Yes. Reducing app-switching cuts down on repeated logins, cart setups, and payment steps, which is where a lot of daily ""small"" time loss actually happens. Source 5: FAQ Content (Set 3)"
31,about_brand,Can I use Accesco Living every day?,Yes. Accesco Living is designed to support your everyday lifestyle with services that cater to daily shopping and essential needs.
32,about_brand,Does Accesco Living offer a seamless shopping experience?,"Yes. The platform is built to make browsing, ordering, and managing services simple and convenient."
33,about_brand,How does Accesco Living improve customer convenience?,"By integrating multiple services into one platform, users can save time and enjoy a smoother digital experience."
34,about_brand,Can I expect new features in the future?,Yes. Accesco Living is continuously evolving with new features and improvements to enhance the user experience.
35,support_contact,Does Accesco Living value customer feedback?,Absolutely. Customer feedback plays an important role in shaping future updates and service enhancements. Source 6: FAQ Content (Set 2)
36,about_brand,How often is the platform updated?,"We regularly enhance the platform with new features, performance improvements, and user experience updates."
37,account_features,Can I receive personalized recommendations?,"Yes. Based on your activity and preferences, Accesco Living may recommend products and services that match your interests."
38,about_brand,How does Accesco Living help users stay organized?,"With multiple services integrated into one platform, users can conveniently manage shopping, orders, and everyday activities in one place."
39,about_brand,Why should I choose Accesco Living?,"Accesco Living offers a connected lifestyle platform that combines convenience, technology, and everyday essentials to simplify how you shop, manage, and live. Source 7: FAQ Content (Set 1)"
40,account_features,Can I browse products and services before creating an account?,"Yes. You can explore available offerings, but some features and transactions may require you to sign in."
41,about_brand,Does Accesco Living regularly introduce new categories?,Yes. We continuously expand our platform with new services and categories to better meet users' evolving lifestyle needs.
42,about_brand,How does Accesco Living make everyday shopping easier?,"By bringing multiple essential services together, Accesco Living helps users save time and enjoy a more convenient shopping experience."
43,about_brand,Can I use Accesco Living to discover trending products?,"Yes. The platform showcases popular products, seasonal collections, and new arrivals across different categories."
44,support_contact,Does Accesco Living support local businesses?,Accesco Living collaborates with merchants and service providers to offer users a diverse range of products and services. Source 8: FAQ Content & Structured Schema Documentation
45,about_brand,How does Accesco Living choose products and services for users?,"Recommendations are designed to be relevant, convenient, and aligned with users' preferences, helping them discover products that fit their lifestyle."
46,about_brand,What kind of users can benefit most from Accesco Living?,"Students, working professionals, families, and anyone looking for a smarter way to manage daily living can benefit from the platform."
47,about_brand,Can I discover new brands through Accesco Living?,"Yes. The platform aims to connect users with a variety of products, services, and emerging brands across different categories."
48,about_brand,How is Accesco Living preparing for the future of commerce?,"By integrating technology, personalization, and financial awareness, Accesco Living is building a more connected and intelligent shopping experience."
49,about_brand,What is the vision behind Accesco Living?,"The vision is to create a unified ecosystem where users can shop, save, manage expenses, and access everyday services seamlessly from a single platform. Source 9: FAQ & Schema Markup (Service Quality & Deliveries)"
50,about_brand,Can I use Accesco Living for both personal and business needs?,"Yes. Whether you're ordering daily essentials, sending packages, or managing business-related deliveries, Accesco Living is designed to support a variety of needs."
51,about_brand,How does Accesco Living ensure service quality?,"We continuously monitor customer feedback, operational performance, and partner standards to improve the overall user experience."
52,about_brand,Can I access Accesco Living services during weekends and holidays?,"Service availability may vary by location and category, but many services operate throughout weekends and selected holidays."
53,returns_refunds,What should I do if an item is unavailable after placing an order?,"If an item becomes unavailable, you may receive a replacement suggestion, partial refund, or cancellation update depending on the situation."
54,delivery_order,Does Accesco Living support contactless deliveries?,Yes. Contactless delivery options may be available to provide a safer and more convenient experience.
55,account_features,Can I save multiple addresses in my account?,"Yes. Users can save frequently used addresses such as home, office, or other preferred locations for faster bookings and orders."
56,about_brand,What happens if there is unexpected bad weather or traffic?,"Delivery and ride times may be affected by factors such as weather conditions, road closures, or high demand periods."
57,delivery_order,Why may delivery times vary for similar orders?,"Delivery times can depend on factors like merchant preparation time, distance, traffic conditions, and service demand."
58,about_brand,How does Accesco Living improve customer convenience?,"By integrating multiple everyday services into a single platform, users can complete various tasks quickly without relying on multiple apps. Source 10: Frequently Asked Questions & Structured Data Reference (Financial Wellness)"
59,about_brand,Can I customize my shopping experience on Accesco Living?,"Yes. Accesco Living is designed to offer personalized recommendations based on your preferences, shopping habits, and lifestyle needs."
60,xpense_budget,Why does Accesco Living combine commerce and financial wellness?,We believe convenience isn't just about buying products—it's also about helping users make smarter spending decisions and manage household finances effectively.
61,about_brand,How does Accesco Living help busy professionals?,"By bringing groceries, meals, fashion, and expense management into one platform, Accesco Living reduces the time spent juggling multiple apps and services."
62,about_brand,Can families use Accesco Living to manage household needs?,"Absolutely. Families can use the platform to organize daily essentials, food orders, fashion purchases, and budgeting in one place."
63,xpense_budget,Does Accesco Living support long-term financial planning?,"Through tools like spending insights and budget tracking, users can build healthier financial habits and work toward future goals. Source 11: FAQ & Schema Markup (Intelligent Commerce Ecosystem)"
64,about_brand,What is an Intelligent Commerce Ecosystem?,"An Intelligent Commerce Ecosystem connects multiple everyday services into one platform, making shopping, ordering, and managing household needs simpler and more convenient."
65,about_brand,How does Accesco Living simplify daily life?,"Accesco Living brings groceries, meals, fashion, and household budgeting together so users can manage multiple needs from a single platform."
66,grokly_grocery,What is Grokly?,Grokly is Accesco Living's grocery and essentials service designed to help users access fresh products and daily necessities conveniently.
67,swadisht_food,What is Swadishtt?,Swadishtt is the food service within Accesco Living that focuses on delivering meals tailored to users' preferences and lifestyles.
68,xpense_budget,What is Xpense Meter?,"Xpense Meter is a smart budgeting tool that helps users track spending, manage budgets, and work toward savings goals more effectively."
69,xpense_budget,How does Salary Sync work?,"Salary Sync adjusts budget planning according to a user's income cycle, helping them manage expenses throughout the month more efficiently."
70,xpense_budget,Can Accesco Living help me stay within my budget?,Yes. Features like budget alerts and spending insights are designed to help users monitor expenses before exceeding planned limits.
71,waitlist_launch,How can I get early access to Accesco Living?,"Users can join the waitlist through the website to receive updates, launch benefits, and early access opportunities."
72,support_contact,How can I contact Accesco Living for support or inquiries?,"You can reach the support team through the contact page, where assistance is available for questions, feedback, and service-related concerns. Source 12: Frequently Asked Questions & Structured Data Reference (Platform Differentiators)"
73,delivery_order,What makes Accesco Living different from other delivery platforms?,"Accesco Living brings multiple everyday services—including food, groceries, rides, parcel delivery, fashion, and expense tracking—into one seamless ecosystem."
74,account_features,Do I need separate accounts for different Accesco Living services?,No. A single Accesco Living account gives you access to all eligible services available in your region.
75,about_brand,Can I use multiple services on the same platform?,"Yes. You can order groceries, book a ride, arrange a parcel delivery, or access other services from the same platform."
76,about_brand,Does Accesco Living offer special deals or rewards?,"Yes. Users may receive promotional offers, discounts, referral rewards, and seasonal campaigns based on availability."
77,about_brand,How often are new features added to the platform?,"We continuously improve our services and regularly introduce new features, partnerships, and customer-focused enhancements."
78,about_brand,How does Accesco Living help save time for users?,"By combining multiple daily-use services into one platform, users can manage different needs without switching between multiple apps."
79,support_contact,Can I provide feedback on my experience?,"Absolutely. Customer feedback helps us improve our services, user experience, and platform reliability."
80,about_brand,Is Accesco Living expanding to new locations?,We are continuously exploring opportunities to expand our service network and reach more communities.
81,about_brand,Who can use Accesco Living?,"Anyone meeting the platform's eligibility requirements can register and access available services in supported locations. Source 13: FAQ & Schema Markup (Orders, Payments & Support)"
82,delivery_order,How can I track my order in real time?,You can track your order directly through the Accesco Living app and receive live status updates from confirmation to delivery.
83,delivery_order,What happens if my delivery partner cannot reach me?,"Our delivery partner will attempt to contact you. If you're unavailable, the order may be delayed, rescheduled, or canceled depending on the service type."
84,delivery_order,Can I schedule an order for a later time?,"Yes, selected services support scheduled deliveries based on availability."
85,pricing_payment,Which payment methods are accepted?,"We support UPI, debit cards, credit cards, net banking, and other digital payment options."
86,pricing_payment,Is my payment information secure?,"Yes, we use secure payment processing and industry-standard security measures to protect transactions."
87,delivery_order,How does Accesco Living verify delivery partners?,All delivery partners undergo verification and onboarding procedures before joining the platform.
88,support_contact,How quickly can I expect a response?,Most queries receive a response within a few hours during business hours.
89,privacy_security,What should I do if I suspect unauthorized activity on my account?,Immediately change your password and contact support for assistance.
90,returns_refunds,What if I receive the wrong item?,"Report the issue through the app with photos, and our support team will review it promptly."
91,privacy_security,Is my personal information protected?,"Yes, user data is handled according to our privacy and security standards. Source 14: FAQs — AEO Question Bank (100 questions) Originally this source listed only questions with no answers. Answers below were researched from accescoliving.com and its FAQ page on 31 July 2026; where the site did not cover a topic, that is noted honestly rather than invented."
92,about_brand,What is Accesco Living?,"[Answer sourced from accescoliving.com] Accesco Living is India's first Intelligent Commerce (I-Commerce) ecosystem — a super-app for urban Indian households that combines grocery, food, fashion, healthcare, and dining into one platform powered by AI-driven budget intelligence and a circular logistics model."
93,about_brand,How does Accesco Living simplify everyday life for Indian households?,"[Answer sourced from accescoliving.com] It replaces the several separate apps a household normally juggles for groceries, food, fashion, pharmacy, dining, and budgeting with one connected platform that anticipates needs and tracks spending in real time."
94,comparison,What makes Accesco Living different from Zepto or Blinkit?,"[Answer sourced from accescoliving.com] Unlike single-category quick commerce apps, Accesco Living offers a multi-vertical super-app experience — spanning Grokly (grocery), Swadisht (food), Instastyle (fashion), LocalMeds (pharmacy), and DineX (dining) — all connected through Xpense Meter, a salary-linked budget intelligence layer."
95,about_brand,"Is Accesco Living an ""everything app"" for India?","[Answer sourced from accescoliving.com] That is the ambition. Accesco Living is being built as India's household super-app, combining quick commerce, food delivery, instant fashion, pharmacy, dining reservations, and budget analytics under a single, integrated platform."
96,about_brand,Which cities in India does Accesco Living currently operate in?,"[Answer sourced from accescoliving.com] Accesco Living's operations are currently centred on Bengaluru, with continued plans to expand into other tier-1 and tier-2 Indian cities as the platform grows."
97,about_brand,How do I download the Accesco Living app?,The app will be available on Google Play and the App Store at launch; joining the waitlist on accescoliving.com gets you a direct download notification first.
98,about_brand,Who are the founders of Accesco Living?,"[Answer sourced from accescoliving.com] According to public company filings, Accesco Living Private Limited's board of directors comprises Argha Sengupta and Sujjal Chhetri."
99,about_brand,"What does the name ""Accesco"" stand for?","[Answer sourced from accescoliving.com] Accesco Living hasn't published an official explanation of the name. It reads as a blend evoking ""access"" and ""commerce,"" in keeping with the brand's positioning around giving households easy access to everyday services."
100,about_brand,How does Accesco use AI to personalise my shopping?,"[Answer sourced from accescoliving.com] Accesco's ""Intelligent Commerce"" layer uses AI to learn your household's patterns, anticipate what you're likely to need, track your budget against your salary cycle, and surface the right product or service at the right time."
101,account_features,Can I manage my whole household's needs through one Accesco account?,"[Answer sourced from accescoliving.com] Yes. A single Accesco Living account is designed to give you access to groceries, food, fashion, pharmacy, dining, and expense tracking all in one place."
102,circular_recycle,What is a reverse commerce loop chain in logistics?,"[Answer sourced from accescoliving.com] Reverse commerce is Accesco Living's circular logistics model where delivery partners bring back used packaging, containers, and recyclable materials from users' homes — closing the loop on waste at the point of delivery."
103,delivery_order,How does Accesco Living reduce plastic waste in delivery?,"[Answer sourced from accescoliving.com] Accesco Living uses eco-conscious packaging alongside its reverse logistics system to collect packaging waste and channel it back into recycling streams, minimising single-use plastic with every order."
104,grokly_grocery,Can I return my grocery packaging to the delivery partner?,"[Answer sourced from accescoliving.com] Yes. Accesco Living's reverse commerce system lets you hand back used packaging — cartons, bottles, containers — to the delivery partner at your next delivery."
105,returns_refunds,How do I get rewarded for returning recyclable materials on Accesco?,"[Answer sourced from accescoliving.com] You earn reward points or credits within the Accesco ecosystem for every return of recyclable packaging, creating a tangible incentive for sustainable participation."
106,circular_recycle,What is a circular logistics system?,"[Answer sourced from accescoliving.com] It's a system where the flow of goods isn't linear (produce, consume, discard) but circular — packaging and materials re-enter the supply chain after use, reducing waste and resource consumption."
107,circular_recycle,Is Accesco Living a sustainable e-commerce brand?,"[Answer sourced from accescoliving.com] Sustainability is positioned as a core part of the model: reverse logistics, direct-to-producer sourcing, eco-packaging, and user incentives for sustainable actions are all built into the platform."
108,delivery_partner,How does the platform support gig workers' earnings?,"[Answer sourced from accescoliving.com] Delivery partners earn additional income by collecting and returning recyclables to fulfillment hubs, on top of standard delivery fees, plus flexible hours and weekly payouts as advertised on Accesco's delivery-partner page."
109,circular_recycle,What kind of packaging materials does Accesco use?,"[Answer sourced from accescoliving.com] Accesco Living uses eco-conscious packaging designed to minimise single-use plastic, with cartons, bottles, and containers collected back through its reverse commerce system for reuse or recycling."
110,swadisht_food,How does Accesco ensure food safety during reverse logistics?,"[Answer sourced from accescoliving.com] The company hasn't published detailed public specifics on this; the general model separates returned packaging handling from food preparation, in line with standard food-safety practice for reverse-logistics operations."
111,returns_refunds,What happens to the materials returned to the fulfillment hubs?,"[Answer sourced from accescoliving.com] Returned materials are sorted and channelled to recycling partners or reintegrated into the supply chain, aiming for maximum resource recovery and minimal landfill contribution."
112,grokly_grocery,What can I buy on Grokly?,"[Answer sourced from accescoliving.com] Grokly's current catalogue (as listed on the site) spans vegetables, fruits, dairy and bakery items, snacks, and grocery staples such as rice and dal, with more categories planned."
113,grokly_grocery,Does Grokly offer 10-minute delivery in India?,"[Answer sourced from accescoliving.com] Grokly currently advertises delivery times as fast as 8 minutes on individual product listings for Bengaluru, consistent with the ""as fast as 10-11 minutes"" positioning used elsewhere in Accesco's marketing."
114,grokly_grocery,How does Grokly predict my household consumption patterns?,"[Answer sourced from accescoliving.com] Grokly's inventory intelligence layer is designed to track ordering patterns over time to anticipate staples you're likely to need, while also flagging low-stock or out-of-stock items in real time and suggesting alternatives."
115,grokly_grocery,Can I set up a subscription for milk and eggs on Grokly?,"[Answer sourced from accescoliving.com] Yes. Grokly supports subscription-based grocery planning for recurring items, so daily staples can be delivered automatically without placing a fresh order each time."
116,localmeds_pharmacy,Is LocalMeds available 24/7 for medicine delivery?,"[Answer sourced from accescoliving.com] LocalMeds is designed to support urgent healthcare needs with extended delivery hours, though the company has not publicly confirmed round-the-clock availability in every serviceable area."
117,localmeds_pharmacy,Do I need a prescription to order from LocalMeds?,"[Answer sourced from accescoliving.com] Prescription medicines require a valid prescription upload at checkout. Over-the-counter products and wellness items can be ordered without one, in line with Indian pharmaceutical regulations."
118,localmeds_pharmacy,What wellness products are available on LocalMeds?,"[Answer sourced from accescoliving.com] LocalMeds is Accesco Living's pharmacy and healthcare vertical, offering prescription medicines, OTC drugs, wellness products, and other health essentials from verified local pharmacies."
119,grokly_grocery,How does Grokly source its fresh vegetables and fruits?,"[Answer sourced from accescoliving.com] Through Accesco's FarmChain initiative, Grokly builds direct relationships with Indian farmers — largely around Karnataka — to source fresh produce with live QR traceability."
120,grokly_grocery,Are the prices on Grokly competitive with local kirana stores?,"[Answer sourced from accescoliving.com] Direct-to-producer sourcing combined with an asset-light dark-store model is intended to keep Grokly's pricing competitive; Accesco also partners with local kirana stores and regional producers, especially in Tier 2 markets."
121,localmeds_pharmacy,Does LocalMeds offer online doctor consultations?,[Answer sourced from accescoliving.com] This isn't currently listed as a confirmed feature — LocalMeds is presented primarily as a medicine and wellness-product delivery service rather than a teleconsultation platform.
122,swadisht_food,What is Swadisht food delivery?,"[Answer sourced from accescoliving.com] Swadisht is Accesco Living's food and meal vertical, delivering home-style and curated meals — including its own-brand Swadisht Café format — as part of the unified app."
123,swadisht_food,How is a Swadisht Café meal different from a restaurant meal?,"[Answer sourced from accescoliving.com] Swadisht Café is Accesco's own-brand cloud-and-dine-in café format, combining the consistency of a single brand with the warmth of home-style cooking, rather than sourcing from a variety of independent restaurants."
124,swadisht_food,Can I book a table through DineX?,"[Answer sourced from accescoliving.com] Yes. DineX lets you discover and book tables at partner restaurants, with special member-only offers and curated dining experiences for both everyday dining and special occasions."
125,swadisht_food,Does Swadisht offer curated meal plans for weight loss?,"[Answer sourced from accescoliving.com] Yes. Swadisht supports lifestyle-based meal planning — including weight-management, high-protein, and regional cuisine preferences — aligned with your health goals and budget."
126,swadisht_food,"What are ""lifestyle moments"" in the Swadisht food ecosystem?","[Answer sourced from accescoliving.com] This is best read as Accesco's marketing shorthand for tailoring meals and dining suggestions to specific everyday occasions — a celebration, a quick weekday lunch, a health-focused week — rather than one generic menu for everyone."
127,swadisht_food,Are there exclusive discounts for DineX members at restaurants?,[Answer sourced from accescoliving.com] Yes. DineX members get special offers and curated dining experiences at partner restaurants.
128,swadisht_food,Is the food from Swadisht Café freshly prepared?,"[Answer sourced from accescoliving.com] Yes, Swadisht Café is positioned around freshly prepared, curated meals."
129,grokly_grocery,Can I order food and groceries together in a single checkout?,"[Answer sourced from accescoliving.com] Yes — this unified-cart experience across groceries, food, and fashion is central to Accesco Living's ""one app, one cart"" positioning."
130,swadisht_food,How does Swadisht curate its restaurant list?,"[Answer sourced from accescoliving.com] Swadisht uses your taste profile, dietary preferences, order history, and time-of-day context to personalise recommendations; the specific criteria for selecting partner restaurants have not been detailed publicly."
131,swadisht_food,What kind of social dining experiences does DineX offer?,"[Answer sourced from accescoliving.com] DineX frames its restaurant bookings around curated, social dining experiences for occasions and everyday outings alike, with member-only perks layered on top."
132,instastyle_fashion,What is instant fashion delivery?,"[Answer sourced from accescoliving.com] Instastyle is Accesco Living's instant fashion vertical, enabling quick delivery of curated clothing, accessories, and wardrobe essentials — bringing the speed of quick commerce to fashion."
133,instastyle_fashion,How fast is Instastyle delivery?,"[Answer sourced from accescoliving.com] Instastyle is built on Accesco's quick-commerce infrastructure, targeting rapid delivery within the same day or even hours by stocking curated inventory at micro-fulfilment hubs."
134,instastyle_fashion,Can I get a curated outfit for a party in under an hour?,"[Answer sourced from accescoliving.com] That's the core promise of Instastyle — instant fashion for unplanned moments, enabled by curated inventory held at micro-fulfilment hubs close to users."
135,instastyle_fashion,What brands are available on Instastyle?,"[Answer sourced from accescoliving.com] A specific public brand list hasn't been published; Instastyle is described as offering curated, on-trend inventory rather than a single named brand catalogue."
136,instastyle_fashion,Does Instastyle have a return or exchange policy?,[Answer sourced from accescoliving.com] A dedicated return/exchange policy for Instastyle hasn't been published publicly yet; standard commerce return support would be expected as the platform moves toward launch.
137,instastyle_fashion,How does Instastyle curate wardrobe essentials for users?,"[Answer sourced from accescoliving.com] Instastyle uses your style profile, body preferences, occasion context, and past purchase behaviour to surface outfit recommendations that feel personal and occasion-appropriate."
138,instastyle_fashion,Can I try on clothes before buying them on Instastyle?,[Answer sourced from accescoliving.com] This isn't described as a current feature — Instastyle is positioned around instant curated delivery rather than a try-before-you-buy model.
139,instastyle_fashion,Is Instastyle focused on fast fashion or sustainable brands?,"[Answer sourced from accescoliving.com] Instastyle aims to strike a balance — curating quality, on-trend styles while progressively incorporating sustainable and ethical brands."
140,instastyle_fashion,What are the most popular categories on Instastyle?,"[Answer sourced from accescoliving.com] Specific category rankings haven't been published; given its ""curated wardrobe essentials"" framing, everyday wear, occasion wear, and accessories are the likely core categories."
141,instastyle_fashion,Does Instastyle offer styling advice through the app?,"[Answer sourced from accescoliving.com] In effect, yes — its personalised outfit recommendations, based on your style profile and context, function as built-in styling guidance rather than a separate advice feature."
142,xpense_budget,Why is Accesco Living more affordable than other platforms?,"[Answer sourced from accescoliving.com] Direct-to-producer sourcing, an asset-light dark-store model, and cutting out layers of distribution markup are the main levers Accesco cites for offering competitive pricing."
143,grokly_grocery,What is a direct-to-producer sourcing network?,"[Answer sourced from accescoliving.com] It means Accesco Living procures products — especially fresh produce and groceries — directly from farmers and producers, bypassing traditional intermediary layers, through its FarmChain initiative."
144,xpense_budget,How does Accesco maintain price stability despite market fluctuations?,"[Answer sourced from accescoliving.com] Direct farmer partnerships and an asset-light operating model are intended to buffer against distribution markups, though the company hasn't published specific mechanisms for guaranteeing price stability."
145,pricing_payment,Are there delivery charges for Accesco Living orders?,"[Answer sourced from accescoliving.com] This hasn't been fully detailed publicly for the standard tier; Accesco Living Premium is stated to include zero delivery fees on Grokly orders, which implies a standard delivery charge otherwise applies."
146,pricing_payment,Does Accesco offer a premium membership or loyalty program?,"[Answer sourced from accescoliving.com] Yes — Accesco Living Premium offers zero delivery fees on Grokly, priority dispatch during peak hours, exclusive Instastyle collections, and advanced financial analytics. A broader loyalty framework tied to Xpense Meter and reverse-commerce rewards is on the roadmap."
147,pricing_payment,What payment methods are accepted on the platform?,"[Answer sourced from accescoliving.com] UPI (Google Pay, PhonePe, Paytm), debit/credit cards (Visa, Mastercard, RuPay), net banking, and the Accesco in-app wallet."
148,about_brand,How does Accesco ensure supply reliability during peak demand?,"[Answer sourced from accescoliving.com] Grokly's inventory intelligence layer flags low stock in real time and suggests alternatives, while the dark-store fulfilment model is designed to support dispatch during peak hours."
149,grokly_grocery,Does Accesco Living work directly with Indian farmers?,"[Answer sourced from accescoliving.com] Yes, through its FarmChain initiative, which builds direct relationships with Indian farmers for fresher produce at lower prices."
150,pricing_payment,How does the platform eliminate middleman costs?,"[Answer sourced from accescoliving.com] By building direct partnerships with producers, farmers, and manufacturers, Accesco Living removes multiple layers of distribution markup and passes the savings to the consumer."
151,delivery_order,Can I track my delivery partner in real-time?,[Answer sourced from accescoliving.com] Yes. The app provides real-time delivery tracking and estimated arrival updates.
152,account_features,How do I set my preferences on the Accesco app?,"[Answer sourced from accescoliving.com] Preferences (dietary, style, spending, and more) are set through your account/profile settings, feeding into the personalisation used across Grokly, Swadisht, and Instastyle."
153,grokly_grocery,Does Accesco offer personalized grocery lists?,[Answer sourced from accescoliving.com] Yes — Grokly's intelligence layer is designed to surface personalised reorder suggestions based on your past purchases and consumption patterns.
154,swadisht_food,"Can I manage dietary restrictions (e.g., vegan, gluten-free) on the app?","[Answer sourced from accescoliving.com] Swadisht's recommendations factor in your taste profile and stated dietary preferences; a dedicated, named dietary-restriction filter hasn't been detailed publicly."
155,about_brand,"How does the app help me make ""decisions with clarity""?","[Answer sourced from accescoliving.com] By pairing real-time budget tracking through Xpense Meter with AI-personalised recommendations, giving you visibility into spending before you buy rather than after."
156,privacy_security,Is my data safe with Accesco Living?,"[Answer sourced from accescoliving.com] Accesco Living states it uses enterprise-grade end-to-end encryption, multi-factor authentication, and strict privacy protocols, and says personal data is never sold to third parties."
157,account_features,Can I share my household cart with family members?,"[Answer sourced from accescoliving.com] This fits Accesco's broader ""one account, one household"" positioning, though a specific shared-cart feature for multiple family members hasn't been separately confirmed."
158,account_features,Does the app remind me when I'm running out of essentials?,[Answer sourced from accescoliving.com] Yes — Grokly's predictive layer is designed to nudge you to reorder essentials before you actually run out.
159,about_brand,"What is ""Intelligent Commerce"" in the Indian context?","[Answer sourced from accescoliving.com] It refers to a commerce experience powered by AI that learns your household's patterns, anticipates your needs, tracks your budget against salary cycles, and surfaces the right product or service at the right time — contextualised for the Indian urban consumer."
160,support_contact,How do I contact Accesco Living customer support?,"[Answer sourced from accescoliving.com] Via the in-app Help Center or support@accescoliving.com. Support currently operates Monday to Saturday, 9:00 AM to 6:00 PM IST, with typical email responses within 2 to 4 hours."
161,account_features,Are there voice-search features available in the app?,[Answer sourced from accescoliving.com] This isn't listed as a current feature on the public FAQ.
162,delivery_order,How can I become a delivery partner for Accesco?,"[Answer sourced from accescoliving.com] You can apply through the ""Partner as Delivery"" page on accescoliving.com, which advertises flexible hours, competitive earnings, and weekly payouts."
163,delivery_partner,What are the benefits for gig workers on the Accesco platform?,"[Answer sourced from accescoliving.com] Flexible hours and weekly payouts, plus supplementary earnings from collecting and returning recyclables to fulfillment hubs."
164,grokly_grocery,How do I register as a supplier or producer for Accesco?,[Answer sourced from accescoliving.com] This would be handled through Accesco's partnership or contact channels on the website; a dedicated public supplier-registration portal hasn't been detailed.
165,delivery_order,Do delivery partners get incentives for bringing back recyclables?,"[Answer sourced from accescoliving.com] Yes — delivery partners earn additional income for collecting and returning recyclables to fulfillment hubs, on top of standard delivery fees."
166,grokly_grocery,How does Accesco support small-scale local producers?,"[Answer sourced from accescoliving.com] Accesco Living partners with local kirana stores, regional producers, and small-scale suppliers — especially in Tier 2 markets — to build a hyperlocal sourcing backbone."
167,delivery_order,What training is provided to Accesco delivery partners?,[Answer sourced from accescoliving.com] Specific training curricula haven't been published publicly; delivery partners do go through a verification and onboarding process before joining the platform.
168,swadisht_food,Can local restaurants join the DineX network?,"[Answer sourced from accescoliving.com] This is implied by DineX's model of curating partner restaurants, though a formal restaurant-onboarding process hasn't been detailed publicly."
169,localmeds_pharmacy,What is the onboarding process for pharmacies on LocalMeds?,"[Answer sourced from accescoliving.com] Not publicly detailed; LocalMeds describes its medicines as coming from ""verified local pharmacies,"" implying some form of verification step before a pharmacy is listed."
170,privacy_security,How does Accesco ensure the safety of its gig workers?,[Answer sourced from accescoliving.com] This hasn't been detailed publicly beyond the standard delivery-partner verification and onboarding process mentioned elsewhere on the site.
171,delivery_partner,Does Accesco offer franchise opportunities?,[Answer sourced from accescoliving.com] No franchise program has been publicly announced as of now.
172,comparison,Accesco Living vs. Tata Neu: Which is better?,"[Answer sourced from accescoliving.com] Tata Neu aggregates loyalty and shopping across the wider Tata Group's brands and categories; Accesco Living is a Bengaluru-first startup focused specifically on grocery, food, fashion, and household finance under one AI-personalised, budget-aware ecosystem. Which suits you better depends on whether you value broad brand scale or a hyperlocal, household-first approach."
173,grokly_grocery,How does Grokly compare to BigBasket?,"[Answer sourced from accescoliving.com] BigBasket is an established, national online grocery player; Grokly differentiates itself with FarmChain's direct farmer sourcing, live QR traceability, and quick delivery, integrated with Accesco's other verticals and Xpense Meter budgeting."
174,swadisht_food,Is Swadisht better than Zomato for healthy food?,"[Answer sourced from accescoliving.com] Zomato aggregates a very wide range of restaurants; Swadisht instead focuses on curated own-brand and partner meals with lifestyle-based (health, high-protein, regional cuisine) meal planning tied into household budget tracking — a more curated rather than simply ""better or worse"" approach."
175,instastyle_fashion,Comparison between Instastyle and Myntra for quick fashion.,"[Answer sourced from accescoliving.com] Myntra is a broad fashion marketplace with a large catalogue; Instastyle trades catalogue breadth for speed, focusing on instant, curated delivery from micro-fulfilment hubs for occasion-based needs."
176,about_brand,Why should I choose Accesco over multiple separate apps?,"[Answer sourced from accescoliving.com] Because it removes app fatigue and decision fatigue — one login, one cart, and one budget view (Xpense Meter) across groceries, food, fashion, pharmacy, and dining, instead of juggling several apps."
177,about_brand,Is Accesco Living available in Tier-2 Indian cities?,"[Answer sourced from accescoliving.com] Current operations are centred on Bengaluru, with sourcing partnerships already extending toward Tier 2 markets and expansion to other tier-1/tier-2 cities planned on the roadmap."
178,circular_recycle,How does Accesco's circular model compare to Amazon's packaging?,"[Answer sourced from accescoliving.com] Large e-commerce packaging is typically closer to linear (produce, consume, discard), with recycling as an add-on in some markets. Accesco's reverse commerce model is designed to build packaging return and reward directly into the delivery flow itself."
179,about_brand,"What makes Accesco the ""next-generation"" commerce ecosystem?","[Answer sourced from accescoliving.com] The combination of multi-vertical unification, AI-driven budget intelligence, and circular logistics operating together in one connected app, rather than as separate bolt-on features."
180,localmeds_pharmacy,Is LocalMeds more reliable than PharmEasy for urgent needs?,"[Answer sourced from accescoliving.com] PharmEasy is an established standalone pharmacy platform; LocalMeds is built for extended-hours urgent delivery within the Accesco ecosystem, sourcing from verified local pharmacies. Reliability for urgent needs will depend on local coverage once each service is live in your area."
181,about_brand,"Why is Accesco Living considered a ""smart"" platform?","[Answer sourced from accescoliving.com] Its ""Intelligent Commerce"" layer is designed to learn your patterns, anticipate needs, and link recommendations to real-time budget tracking, rather than presenting a static product catalogue."
182,returns_refunds,What is the refund policy for cancelled orders?,"[Answer sourced from accescoliving.com] Accesco Living offers order-level cancellation up to a defined cut-off time, with refunds processed directly to the original payment method."
183,returns_refunds,How do I report a missing item in my Grokly delivery?,"[Answer sourced from accescoliving.com] Report the issue through the app's Help Center with your order details; the support team reviews and resolves reported issues, similar to how wrong-item reports are handled."
184,returns_refunds,What happens if my Swadisht meal is cold on arrival?,"[Answer sourced from accescoliving.com] This would be reported the same way as other order issues, through the in-app Help Center, with the support team reviewing the case for a resolution such as a replacement or refund."
185,delivery_order,Can I change my delivery address after placing an order?,"[Answer sourced from accescoliving.com] Address changes are generally supported up to a certain point before dispatch; once an order is out for delivery, changing the address may no longer be possible."
186,referral_rewards,How do I redeem my Accesco reward points?,[Answer sourced from accescoliving.com] Reward points and credits — for example those earned by returning recyclable packaging — can be redeemed within the Accesco ecosystem as part of its loyalty and reward framework.
187,pricing_payment,Is there a minimum order value for free delivery?,[Answer sourced from accescoliving.com] This hasn't been confirmed publicly; Accesco Living Premium is stated to include zero delivery fees on Grokly orders regardless of order value.
188,about_brand,What are the hours of operation for fulfillment hubs?,"[Answer sourced from accescoliving.com] Specific hub operating hours haven't been published; LocalMeds is designed to offer extended hours for urgent needs, while Grokly and Swadisht operate around standard daily demand windows."
189,delivery_order,Can I schedule a delivery for a future date?,"[Answer sourced from accescoliving.com] Yes, selected services support scheduled deliveries based on availability."
190,about_brand,How does the platform handle out-of-stock items?,[Answer sourced from accescoliving.com] Grokly's inventory intelligence layer flags out-of-stock items in real time and proactively suggests comparable alternatives or notifies you when items are back in supply.
191,about_brand,Where can I find the terms and conditions for Accesco Living?,"[Answer sourced from accescoliving.com] At accescoliving.com/terms, which sets out the legal contract between Accesco Living Private Limited and its users, covering service, payments, cancellations, and conduct. Source 15: Accesco Living FAQs (Based on Public Information) Compiled from public sources as of July 2026 and may change as the platform develops."
192,about_brand,What is Accesco Living?,"Accesco Living is a Bengaluru-based, pre-launch ""Intelligent Commerce"" (I-Commerce) ecosystem that aims to bring groceries, food, fashion, dining, and household finance together into a single app, replacing the several separate apps a typical household currently relies on."
193,about_brand,Is Accesco Living currently live for customers?,No. Accesco Living is in a pre-launch phase. The website is primarily set up to let people join a waitlist for early access ahead of the official launch.
194,about_brand,Where is Accesco Living based?,"The company is headquartered in Bengaluru, Karnataka, with its registered office in Siliguri, West Bengal. Its initial services are being built around the Bengaluru market."
195,about_brand,What services will Accesco Living offer?,"The platform is designed around three core verticals: groceries (through its Grokly brand), food and meal delivery (through Swadishtt), and fashion (through InstaStyle) - all unified under one cart and one household budget."
196,about_brand,"What does ""Intelligent Commerce"" mean for this platform?","It refers to the app's aim to use AI and data to personalize the experience - for example, predicting what a household is likely to run out of, tracking spending across categories, and tailoring recommendations rather than just listing products to browse."
197,grokly_grocery,How is Accesco Living different from existing grocery or food delivery apps?,"Instead of using separate apps for groceries, food, and fashion, Accesco Living is building one unified app and cart. It also emphasizes sourcing groceries directly from local farms, predictive reordering, and reducing packaging waste through doorstep pickup of used packaging."
198,grokly_grocery,What is Grokly?,"Grokly is the grocery-focused arm of the Accesco Living ecosystem, associated with sourcing fresh groceries directly from Karnataka farms and operating a dark-store based quick-delivery model for fast doorstep delivery."
199,swadisht_food,What is Swadishtt?,"Swadishtt is the food and meal delivery brand within the Accesco Living ecosystem, focused on delivering meals prepared by nearby kitchens as part of the platform's food vertical."
200,instastyle_fashion,What is InstaStyle?,"InstaStyle is the fashion vertical of Accesco Living, intended to offer fast, curated fashion delivery as part of the same unified app and cart used for groceries and food."
201,waitlist_launch,How do I join the Accesco Living waitlist?,"On the Accesco Living website, there is a ""Join Waitlist"" option that takes under a minute to complete. Joining reserves a spot for early access once the app launches."
202,about_brand,Are there any benefits to joining early?,Yes. The website mentions member-only launch benefits and early access perks for people who join the waitlist before the platform officially launches.
203,referral_rewards,Does Accesco Living have a referral program?,"Yes. The website includes a ""Refer & Earn"" option, suggesting users can invite others to join the waitlist and receive some form of reward or benefit in return."
204,waitlist_launch,How fast will deliveries be once the app launches?,"The company positions itself around hyperlocal, quick-commerce style delivery, with groceries and food intended to arrive within minutes rather than hours, using a dark-store style fulfillment model similar to other quick-commerce operators."
205,about_brand,Will Accesco Living be available outside Bengaluru?,Public information currently ties the company's early operations and dark-store infrastructure to Bengaluru. There is no confirmed information yet about expansion to other cities.
206,about_brand,How can I stay updated or get in touch with Accesco Living?,"The best way to stay informed is through the official website, accescoliving.com, where updates on the waitlist, launch timeline, and new features are expected to be posted as the platform approaches launch. Source 16: 15 Website FAQs Prepared by Saanjh Chowdhury, Marketing Intern — 30/7/26"
207,about_brand,What is Accesco Living?,"Accesco Living is an Indian pre-launch technology startup building an AI-powered intelligent commerce platform that brings household shopping, food, fashion, and expense tracking together in one seamless app."
208,comparison,What makes Accesco Living different from other shopping apps?,"Unlike traditional shopping apps, Accesco Living combines multiple aspects of everyday living into a single intelligent platform. With AI-powered recommendations, smart expense tracking, and multiple shopping categories, we aim to simplify how people manage their daily needs."
209,about_brand,What services will Accesco Living offer?,"The platform is being designed to help users: shop for groceries and household essentials, order food, discover fashion and lifestyle products, track and manage daily expenses, and receive AI-powered recommendations based on shopping habits."
210,about_brand,Is Accesco Living available right now?,We're currently in the pre-launch phase and are working towards creating the best possible experience. Stay tuned for updates on our official launch.
211,about_brand,How does the AI feature work?,"Our AI is designed to understand your shopping preferences and spending patterns to provide personalized product recommendations, smarter purchasing suggestions, and insights that help you shop more efficiently."
212,xpense_budget,What is the Expense Tracker?,"The Expense Tracker helps you monitor your purchases made through Accesco Living, giving you a clear overview of your spending so you can manage your budget more effectively."
213,about_brand,Will I be able to shop across multiple categories in one app?,"Yes. Accesco Living is being built as an all-in-one commerce platform where you can access groceries, food, fashion, and expense management from a single application."
214,pricing_payment,How secure is my personal and payment information?,We prioritize your privacy and security by implementing industry-standard security measures to protect your personal information and transactions.
215,about_brand,Will Accesco Living be available across India?,We plan to expand our services in phases. Availability will depend on your location once the platform launches.
216,account_features,Will there be personalized recommendations?,"Yes. Our AI-powered platform is designed to deliver personalized recommendations based on your preferences, shopping history, and lifestyle needs."
217,about_brand,Will there be offers and rewards?,"Yes. Users can expect exciting launch offers, exclusive deals, and loyalty benefits as part of the Accesco Living experience."
218,about_brand,Can I use Accesco Living for both personal and family shopping?,Absolutely. Accesco Living is being designed to make managing everyday household purchases easier for individuals and families alike.
219,waitlist_launch,How can I stay informed about the launch?,"You can join our waitlist or subscribe to our newsletter to receive updates about new features, launch announcements, and exclusive early access opportunities."
220,support_contact,How can I contact the Accesco Living team?,You can reach out to us through the contact form on our website or via our official email and social media channels. Our team will be happy to assist you.
221,about_brand,What is Accesco Living's vision?,"Our vision is to simplify everyday living by creating India's most intelligent commerce platform… where AI helps people shop smarter, manage expenses effortlessly, and access everything they need through one seamless digital experience. Source 17: Accesco Living FAQ Directory (Official Guide) Platform: Accesco Living App & Web Ecosystem — accescoliving.com"
222,about_brand,What is Accesco Living and what does it actually do?,"Accesco Living is India's first unified daily living ecosystem—an Intelligent Commerce (I-Commerce) platform that integrates groceries, home-cooked meal delivery, fashion rentals, ride booking, and personal finance management into a single app. Instead of switching between 5 separate apps, Accesco acts as your personal daily operating system."
223,about_brand,Who is Accesco Living built for?,"Accesco Living is designed for urban Indians—including working professionals, freelancers, students, and busy couples in major metro cities like Bengaluru, Mumbai, and Kolkata—who want to streamline their daily routines and save time."
224,about_brand,Is Accesco Living an app or a service marketplace?,"It is both. Accesco Living is a downloadable smartphone application backed by a multi-cloud superstructure. It links multiple lifestyle verticals so they interact intelligently, anticipating your needs rather than functioning as isolated, disconnected marketplaces."
225,grokly_grocery,What grocery delivery service does Accesco Living offer?,"Accesco Living features Grokly, its ultra-fast grocery arm delivering fresh produce, daily dairy, pantry staples, and household items to your door in as little as 10 minutes with guaranteed quality checks."
226,swadisht_food,Can I order home-style meals through the platform?,"Yes. Accesco Living includes a dedicated home-style meal service providing warm, nutritious, freshly cooked meals designed to taste like home, avoiding the heavy oils and artificial flavors of typical restaurant fast food."
227,instastyle_fashion,What is InstaStyle on Accesco Living?,"InstaStyle is the platform's premium fashion rental service. Users can rent curated designer outfits and trendwear for weddings, business events, or weekend getaways at a small fraction of the retail purchase price."
228,about_brand,How does the integrated personal finance manager work?,"The app automatically tracks and categorizes your expenditures across groceries, dining, fashion rentals, and rides. It generates real-time spending analytics, savings forecasts, and visual monthly budgets in one tap without needing manual log entries."
229,support_contact,Does Accesco Living support transit and ride booking?,"Yes, Accesco Living includes ride services within its daily operating suite, allowing you to seamlessly schedule work commutes or city travel alongside your daily shopping and meal schedules."
230,about_brand,"What does ""Intelligent Commerce"" (I-Commerce) mean?","I-Commerce means the app connects intelligence across verticals. For example, your dietary preferences in Grokly automatically customize your meal plan suggestions, and your commute patterns inform your budget alerts."
231,pricing_payment,How secure is my payment and personal information?,"Accesco Living employs enterprise-grade end-to-end encryption, multi-factor authentication, and strict privacy protocols. Your personal preferences and financial data are kept confidential and are never sold to third parties."
232,support_contact,Which cities and regions are currently supported?,"Accesco Living currently operates in key metropolitan areas including Bengaluru, Mumbai, and Kolkata, with continuous expansion plans actively bringing services to other tier-1 and tier-2 cities across India."
233,pricing_payment,What benefits come with Accesco Living Premium?,"Accesco Living Premium offers zero delivery fees on Grokly orders, priority dispatch during peak hours, exclusive access to high-end InstaStyle fashion collections, and advanced financial analytics tools."
234,pricing_payment,What payment methods are supported in the app?,"We support all major payment modes, including UPI (Google Pay, PhonePe, Paytm), Credit/Debit cards (Visa, MasterCard, RuPay), Net Banking, and the unified Accesco In-App Wallet for frictionless one-click checkouts."
235,waitlist_launch,How can I join the waitlist or get early launch access?,"Visit accescoliving.com, click ""Join Waitlist,"" and submit your phone number or email. Waitlisted users receive early app access, exclusive launch discounts, and bonus wallet rewards."
236,support_contact,How do I reach Accesco Living support for assistance?,"You can reach support directly via the in-app Help Center or email support@accescoliving.com. Customer support operates Monday through Saturday, 9:00 AM to 6:00 PM IST, with typical email responses within 2 to 4 hours. Source 18: 15 FAQs Prepared by Dhara Arora"
237,about_brand,Why should customers choose Accesco Living?,"We are a Q-commerce brand who is helping you curate your groceries, food & clothing shopping in your customised budget. We are also offering discounts when you return delivery packages in the next delivery, thus helping the environment."
238,about_brand,What services does Accesco Living offer?,"Grokly (daily e-commerce), Swadishtt (food delivery), InstaStyle (instant fashion in 15-20 mins)."
239,about_brand,What problem does Accesco Living solve?,"We completely remove the middleman from the whole shopping process, thus cutting costs at a much higher rate."
240,about_brand,What speciality does Accesco Living offer?,"We are making everyday commerce transparent, intelligent, & circular. This whole process benefits the household, the local producers, & the planet, creating a better & safer future for us."
241,about_brand,What does Accesco Living offer that isn't available with any other brand in India?,We are India's first circular Q-commerce startup.
242,delivery_order,How does Accesco Living solve the problem of late deliveries?,We have strategically positioned our micro warehouses near residential areas.
243,about_brand,How can we trust Accesco Living?,Accesco Living is a startup which is operational from the last 7-8 months & is registered under the govt. of India. We are working hard to curate the best deals and offers for our customers daily.
244,about_brand,Where does Accesco Living operate?,"Right now, we will be opening soon in Bangalore."
245,about_brand,How does Accesco Living operate?,We extensively work on data research to improve ourselves. We have worked around the data of Bangalore & Karnataka. We as a startup are open to feedback and want to keep improving for our customers.
246,comparison,What makes Accesco Living different from other brands already existing in the market?,"Our business model is based on farm chain sourcing, household intelligent layer, budget-first commerce & reverse commerce loop."
247,about_brand,What is the priority of Accesco Living?,We at Accesco Living prioritise the comfort & budget of our customers the most.
248,about_brand,What kinds of discounts & deals do we offer to our customers?,"If a customer returns the packaging in the next delivery, we offer discounts."
249,circular_recycle,How does the packaging process take place?,We prioritise the privacy & comfort of our customers the most. We package all the orders with utmost sincerity.
250,delivery_order,Who are our delivery partners?,We care for customers so we curate our delivery partners team with care too.
251,about_brand,How is our customer service?,"We are present to support our customers every time. You can share any delivery query with us & we will try to resolve it asap. Source 19: 15 FAQs for Accesco Living Prepared by S. Sridevi, Digital Marketing Intern — 31 July 2026"
252,about_brand,What is Accesco Living?,"Accesco Living is an all-in-one smart household and commerce platform that brings groceries, home-style meals, fashion, and expense tracking together in a single ecosystem."
253,grokly_grocery,What is Grokly?,"Grokly is Accesco Living's grocery service that delivers farm-direct fresh fruits, vegetables, and daily essentials quickly to customers."
254,swadisht_food,What is Swadishtt?,"Swadishtt is Accesco Living's home-style meal delivery service, offering freshly prepared food delivered to your doorstep."
255,instastyle_fashion,What is InstaStyle?,InstaStyle is a fashion platform that offers curated clothing collections and clothing rental options for different occasions.
256,xpense_budget,What is Xpense Meter?,"Xpense Meter is a smart expense tracker that helps users monitor and manage household spending across groceries, food, and shopping."
257,delivery_order,How is Accesco Living different from other delivery apps?,"Instead of using separate apps for groceries, food, fashion, and budgeting, Accesco Living combines these services into one convenient platform."
258,grokly_grocery,Are the groceries fresh?,Yes. Grokly focuses on farm-direct sourcing to provide fresh groceries and daily essentials.
259,grokly_grocery,Can I order groceries and food from the same platform?,Yes. Accesco Living is designed to let customers access both grocery delivery and home-style meal services within one ecosystem.
260,instastyle_fashion,Does Accesco Living offer clothing rentals?,"Yes. Through InstaStyle, users can explore curated fashion and clothing rental options."
261,xpense_budget,How does Xpense Meter help users?,It tracks spending across different household categories and helps users better manage their monthly budget.
262,about_brand,Which city is Accesco Living currently focused on?,Accesco Living is a Bengaluru-based startup focused on serving customers in Bengaluru as it expands.
263,about_brand,Who can use Accesco Living?,"Families, working professionals, students, and anyone looking for a smarter way to manage everyday household needs."
264,about_brand,Why choose Accesco Living?,"It offers convenience by combining multiple household services into one platform, saving time and simplifying daily life."
265,about_brand,How can I stay updated about Accesco Living?,"Follow Accesco Living on its social media channels and official website for product updates, launches, and announcements."
266,about_brand,Is Accesco Living available for everyone right now?,"Accesco Living is currently in its pre-launch phase, with services and availability expanding over time. Source 20: Frequently Asked Questions (FAQs) — Household Ecosystem & Waitlist"
267,about_brand,What is Accesco Living?,"Accesco Living is an AI-powered household platform designed to simplify everyday living. It brings together multiple household services—including food, groceries, lifestyle solutions, expense management, and more—into one intelligent ecosystem."
268,comparison,How is Accesco Living different from other apps?,"Most apps solve one household problem at a time. Accesco Living brings multiple services together in one platform, helping you manage your household more efficiently without switching between different apps."
269,about_brand,Who is Accesco Living for?,"Accesco Living is built for students, working professionals, families, roommates, and anyone looking for a smarter, more convenient way to manage their everyday household needs."
270,about_brand,What services does Accesco Living offer?,"Accesco Living is building a complete household ecosystem that includes food, groceries, expense management, lifestyle services, AI-powered assistance, and much more. New services will continue to be added as the platform grows."
271,waitlist_launch,Why should I join the Accesco Living waitlist?,"Joining the waitlist gives you early access to Accesco Living, exclusive launch offers, referral rewards, product updates, and the opportunity to experience new features before they are available to everyone."
272,waitlist_launch,How do I join the waitlist?,"Simply click the ""Join the Waitlist"" button on our website and complete the registration form. It only takes a few minutes."
273,waitlist_launch,What are the benefits of joining the waitlist?,"Waitlist members receive exclusive early access, special launch offers, referral rewards, delivery credits (where applicable), and updates on new features before public release."
274,about_brand,Is Accesco Living free to use?,Yes. Joining the waitlist and creating your account is completely free.
275,about_brand,How does the AI-powered household assistant help me?,"Our AI assistant is designed to simplify household management by helping you make smarter decisions, organize tasks, manage expenses, discover services, and reduce everyday decision fatigue."
276,privacy_security,Is my personal information safe?,Absolutely. We take privacy and data security seriously. Your information is protected using industry-standard security practices and handled in accordance with our Privacy Policy.
277,referral_rewards,Can I invite my friends to Accesco Living?,Yes. Our referral program allows you to invite friends and earn exciting rewards when they join and become active users.
278,about_brand,How can businesses partner with Accesco Living?,"We welcome partnerships with brands, merchants, service providers, and businesses that want to be part of the future household ecosystem. Simply reach out to us through our Contact Us page."
279,waitlist_launch,How can I stay updated about new features and launches?,"Join our waitlist or subscribe to our updates to receive announcements about product launches, new services, exclusive offers, and upcoming features."
280,support_contact,How can I contact the Accesco Living team?,"You can contact us through our Contact Us page, email, or our official social media channels. Our team will be happy to assist you."
281,about_brand,What is Accesco Living's vision?,"Our vision is to build the world's most intelligent household ecosystem—helping people Spend Smarter. Live Better. By combining AI, technology, and everyday services into one connected platform, we aim to simplify household management and improve the way people live. Source 21: Household OS, Predictive Commerce & Founder Access FAQ"
282,delivery_order,"What exactly is a ""Household OS,"" and how is that different from a regular delivery app?","Think of it less like a delivery app and more like an operating system for your home. A Household OS is Accesco Living's core idea: instead of juggling separate apps for groceries, food, fashion, and spending, everything runs through one connected, intelligent layer."
283,about_brand,"What is ""predictive commerce,"" and will the app really know what I need before I search for it?","That's the goal. Predictive commerce means the app uses AI and your everyday habits to anticipate what you need, like nudging you to reorder milk before you actually run out, rather than making you search and shop from scratch every time."
284,waitlist_launch,"What is the Founder Access Program, and how is it different from just joining the waitlist?","It's a deeper level of early involvement built for the most engaged early users. While the waitlist gets you in line for launch, the Founder Access Program is meant to give a smaller group a bigger say in shaping the product. Exact perks and how people get selected are still being rolled out."
285,grokly_grocery,"What are Grokly, Swadishtt, Instastyle, and Xpense Meter? Are they separate apps I need to download?","No separate downloads needed. These are the specialized services living inside the Accesco Living ecosystem: Grokly handles smarter shopping, Swadishtt covers food and meals, Instastyle takes care of fashion and lifestyle, and Xpense Meter tracks your spending. They all sit under one account."
286,account_features,"Do I need a separate login for each service, or is it just one account for everything?","Just one. The whole point of building this as a connected ecosystem rather than a bunch of standalone apps is that a single account carries across groceries, food, fashion, and spend tracking, so you're not creating new profiles or remembering different passwords for each piece."
287,grokly_grocery,How does Xpense Meter actually help if it's bundled in with groceries and food delivery?,"Instead of tallying up spending across five different apps and your bank statement, Xpense Meter keeps a running view of what you're spending on groceries, food, and fashion all in one place."
288,about_brand,"Is ""intelligent ecosystem"" just marketing language, or does the app actually use AI?","It's a genuine part of how the platform is built. Accesco Living is positioned as an AI-powered commerce platform, using data and machine learning to personalize recommendations and make everyday shopping decisions faster across its connected services."
289,comparison,How is this actually different from apps like Blinkit or Swiggy?,"Those apps tend to do one thing really well, like groceries or food. Accesco Living is trying to do something broader: bring groceries, food, fashion, dining, home services, and finance together under one predictive system instead of asking you to bounce between apps for each category."
290,about_brand,"Is Accesco Living only for Bengaluru, or does ""India's First"" mean it'll be everywhere soon?","It's starting out in Bengaluru, where the company is based, while carrying the bigger ambition of being India's first intelligence commerce ecosystem. Expansion to other cities is expected to follow once there's enough demand from the waitlist."
291,waitlist_launch,What kind of feedback is Accesco Living actually looking for from people on the waitlist?,"It's not just a name and email on a list. After signing up, people are asked what they liked or what could be better, and that input is meant to shape the app before launch rather than after."
292,waitlist_launch,"If I join the waitlist, is my data used for anything beyond just notifying me at launch?","The stated intent is that sign-up and feedback details stay private and are used to improve the experience. For the exact fine print on data handling, it's worth checking the site's privacy policy once it's published."
293,pricing_payment,Does the Founder Access Program cost anything or come with a commitment?,"Nothing so far suggests a cost. Both the waitlist and Founder Access sign-up are presented as free early-access opportunities, not paid memberships."
294,grokly_grocery,Why is there a fashion feature (Instastyle) on what feels like mostly a groceries and food app?,"Because the ambition goes beyond groceries and food. Instastyle brings fashion and lifestyle personalization into the mix, which fits the bigger goal of covering a household's everyday needs in one place rather than just meals and errands."
295,waitlist_launch,"Since it's not live yet, is this a real product or still mostly an idea?","It's real, just pre-launch. The team is actively building out the Household OS along with its connected services, Grokly, Swadishtt, Instastyle, and Xpense Meter, ahead of opening things up to the public."
296,about_brand,Will people in the Founder Access Program get to try features before everyone else?,"That's generally how early-access programs work, and it's how Accesco Living frames its Founder Access Program and waitlist too: first access ahead of the public rollout. The specifics of testing will likely become clearer closer to launch."
297,greeting,Hello!,Hello! How can I help you today?
298,greeting,Hi there,Hello! How can I help you today?
299,greeting,Hey Accesco,Hello! How can I help you today?
300,greeting,Good morning,Good morning! How can I assist you today?
301,greeting,Good evening,Good evening! How can I assist you today?
302,greeting,Namaste,Namaste! How can I help you today?
303,greeting,Hi,Hello! How can I help you today?
304,greeting,Hello Accesco Living,Hello! How can I help you today?
